"DESCRIPTION","DURATION IN MS","NAME","PARENT SUITE","START TIME","STATUS","STOP TIME","SUB SUITE","SUITE","TEST CLASS","TEST METHOD"
"","10231","test for invalid data for login 4","chromium","2026-09-08","passed","2026-09-08","","loginpagetestwithfixture.spec.ts","",""
"","5996","test for login functionality with valid credentials","chromium","2026-09-08","passed","2026-09-08","","loginpagetestwithfixture.spec.ts","",""
"","5613","test for get footers details","chromium","2026-09-08","passed","2026-09-08","","inventorypagewithfixture.spec.ts","",""
"","6854","test for remove product","chromium","2026-09-08","passed","2026-09-08","","cartpagewithfixturetest.spec.ts","",""
"","8403","test for product count match","chromium","2026-09-08","passed","2026-09-08","","inventorypagewithfixture.spec.ts","",""
"","11888","get started link","chromium","2026-09-08","passed","2026-09-08","","example.spec.ts","",""
"","7513","test for cancel checkout process","chromium","2026-09-08","passed","2026-09-08","","checkoutpagewithfixturetest.spec.ts","",""
"","5289","test for cart page launch","chromium","2026-09-08","passed","2026-09-08","","cartpagewithfixturetest.spec.ts","",""
"","6785","test for complete checkout process","chromium","2026-09-08","passed","2026-09-08","","overviewpagewithfixturetest.spec.ts","",""
"","10071","test validate chcekout page launch","chromium","2026-09-08","passed","2026-09-08","","cartpagewithfixturetest.spec.ts","",""
"","6111","test for total footers count validation","chromium","2026-09-08","passed","2026-09-08","","inventorypagewithfixture.spec.ts","",""
"","7612","test for continue shopping and add new product into cart","chromium","2026-09-08","passed","2026-09-08","","cartpagewithfixturetest.spec.ts","",""
"","11173","test for invalid data for login 2","chromium","2026-09-08","passed","2026-09-08","","loginpagetestwithfixture.spec.ts","",""
"","8400","test for getcart product details","chromium","2026-09-08","passed","2026-09-08","","cartpagewithfixturetest.spec.ts","",""
"","5167","to validate product details","chromium","2026-09-08","passed","2026-09-08","","inventorypagewithfixture.spec.ts","",""
"","7625","has title","chromium","2026-09-08","passed","2026-09-08","","example.spec.ts","",""
"","5580","test for invalid login functionality username and pwd is blank","chromium","2026-09-08","passed","2026-09-08","","loginpagetestwithfixture.spec.ts","",""
"","10181","test for invalid data for login 3","chromium","2026-09-08","passed","2026-09-08","","loginpagetestwithfixture.spec.ts","",""
"","5607","test for validating the url","chromium","2026-09-08","passed","2026-09-08","","loginpagetestwithfixture.spec.ts","",""
"","5647","test for validating title of the page","chromium","2026-09-08","passed","2026-09-08","","loginpagetestwithfixture.spec.ts","",""
"","4671","test for invalid data for login 1","chromium","2026-09-08","passed","2026-09-08","","loginpagetestwithfixture.spec.ts","",""
"","7052","test for add product into cart","chromium","2026-09-08","passed","2026-09-08","","inventorypagewithfixture.spec.ts","",""
"","9814","test for valid checkout process","chromium","2026-09-08","passed","2026-09-08","","checkoutpagewithfixturetest.spec.ts","",""
